Date,PX_LAST,Change,% Change,PX_BID,Change,% Change
2/13/2026,3.64,0,0,#N/A N/A,,
2/12/2026,3.64,0,0,,,
2/11/2026,3.64,0,0,,,
2/10/2026,3.64,0,0,,,
2/9/2026,3.64,0,0,,,
2/6/2026,3.64,0,0,,,
2/5/2026,3.64,0,0,,,
2/4/2026,3.64,0,0,,,
2/3/2026,3.64,0,0,,,
2/2/2026,3.64,0,0,,,
1/30/2026,3.64,0,0,,,
1/29/2026,3.64,0,0,,,
1/28/2026,3.64,0,0,,,
1/27/2026,3.64,0,0,,,
1/26/2026,3.64,0,0,,,
1/23/2026,3.64,0,0,,,
1/22/2026,3.64,0,0,,,
1/21/2026,3.64,0,0,,,
1/20/2026,3.64,0,0,,,
1/16/2026,3.64,0,0,,,
1/15/2026,3.64,0,0,,,
1/14/2026,3.64,0,0,,,
1/13/2026,3.64,0,0,,,
1/12/2026,3.64,0,0,,,
1/9/2026,3.64,0,0,,,
1/8/2026,3.64,0,0,,,
1/7/2026,3.64,0,0,,,
1/6/2026,3.64,0,0,,,
1/5/2026,3.64,0,0,,,
1/2/2026,3.64,0,0,,,
12/31/2025,3.64,0,0,,,
12/30/2025,3.64,0,0,,,
12/29/2025,3.64,0,0,,,
12/26/2025,3.64,0,0,,,
12/24/2025,3.64,0,0,,,
12/23/2025,3.64,0,0,,,
12/22/2025,3.64,0,0,,,
12/19/2025,3.64,0,0,,,
12/18/2025,3.64,0,0,,,
12/17/2025,3.64,0,0,,,
12/16/2025,3.64,0,0,,,
12/15/2025,3.64,0,0,,,
12/12/2025,3.64,0,0,,,
12/11/2025,3.64,-0.25,-6.426735219,,,
12/10/2025,3.89,0,0,,,
12/9/2025,3.89,0,0,,,
12/8/2025,3.89,0,0,,,
12/5/2025,3.89,0,0,,,
12/4/2025,3.89,0,0,,,
12/3/2025,3.89,0,0,,,
12/2/2025,3.89,0,0,,,
12/1/2025,3.89,0,0,,,
11/28/2025,3.89,0.01,0.257731959,,,
11/26/2025,3.88,0,0,,,
11/25/2025,3.88,0,0,,,
11/24/2025,3.88,0,0,,,
11/21/2025,3.88,0,0,,,
11/20/2025,3.88,0,0,,,
11/19/2025,3.88,0,0,,,
11/18/2025,3.88,0,0,,,
11/17/2025,3.88,0,0,,,
11/14/2025,3.88,0,0,,,
11/13/2025,3.88,0.01,0.258397933,,,
11/12/2025,3.87,0,0,,,
11/10/2025,3.87,0,0,,,
11/7/2025,3.87,0,0,,,
11/6/2025,3.87,0,0,,,
11/5/2025,3.87,0,0,,,
11/4/2025,3.87,0,0,,,
11/3/2025,3.87,0.01,0.259067358,,,
10/31/2025,3.86,-0.01,-0.258397933,,,
10/30/2025,3.87,-0.25,-6.067961165,,,
10/29/2025,4.12,0,0,,,
10/28/2025,4.12,0,0,,,
10/27/2025,4.12,0.01,0.243309002,,,
10/24/2025,4.11,0,0,,,
10/23/2025,4.11,0,0,,,
10/22/2025,4.11,0,0,,,
10/21/2025,4.11,0,0,,,
10/20/2025,4.11,0,0,,,
10/17/2025,4.11,0,0,,,
10/16/2025,4.11,0.01,0.243902439,,,
10/15/2025,4.1,0,0,,,
10/14/2025,4.1,0,0,,,
10/10/2025,4.1,0,0,,,
10/9/2025,4.1,0,0,,,
10/8/2025,4.1,0.01,0.244498778,,,
10/7/2025,4.09,0,0,,,
10/6/2025,4.09,0,0,,,
10/3/2025,4.09,0,0,,,
10/2/2025,4.09,0,0,,,
10/1/2025,4.09,0,0,,,
9/30/2025,4.09,0,0,,,
9/29/2025,4.09,0,0,,,
9/26/2025,4.09,0,0,,,
9/25/2025,4.09,0,0,,,
9/24/2025,4.09,0,0,,,
9/23/2025,4.09,0,0,,,
9/22/2025,4.09,0.01,0.245098039,,,
9/19/2025,4.08,0,0,,,
9/18/2025,4.08,-0.25,-5.773672055,,,
9/17/2025,4.33,0,0,,,
9/16/2025,4.33,0,0,,,
9/15/2025,4.33,0,0,,,
9/12/2025,4.33,0,0,,,
9/11/2025,4.33,0,0,,,
9/10/2025,4.33,0,0,,,
9/9/2025,4.33,0,0,,,
9/8/2025,4.33,0,0,,,
9/5/2025,4.33,0,0,,,
9/4/2025,4.33,0,0,,,
9/3/2025,4.33,0,0,,,
9/2/2025,4.33,0,0,,,
8/29/2025,4.33,0,0,,,
8/28/2025,4.33,0,0,,,
8/27/2025,4.33,0,0,,,
8/26/2025,4.33,0,0,,,
8/25/2025,4.33,0,0,,,
8/22/2025,4.33,0,0,,,
8/21/2025,4.33,0,0,,,
8/20/2025,4.33,0,0,,,
8/19/2025,4.33,0,0,,,
8/18/2025,4.33,0,0,,,
8/15/2025,4.33,0,0,,,
8/14/2025,4.33,0,0,,,
8/13/2025,4.33,0,0,,,
8/12/2025,4.33,0,0,,,
8/11/2025,4.33,0,0,,,
8/8/2025,4.33,0,0,,,
8/7/2025,4.33,0,0,,,
8/6/2025,4.33,0,0,,,
8/5/2025,4.33,0,0,,,
8/4/2025,4.33,0,0,,,
8/1/2025,4.33,0,0,,,
7/31/2025,4.33,0,0,,,
7/30/2025,4.33,0,0,,,
7/29/2025,4.33,0,0,,,
7/28/2025,4.33,0,0,,,
7/25/2025,4.33,0,0,,,
7/24/2025,4.33,0,0,,,
7/23/2025,4.33,0,0,,,
7/22/2025,4.33,0,0,,,
7/21/2025,4.33,0,0,,,
7/18/2025,4.33,0,0,,,
7/17/2025,4.33,0,0,,,
7/16/2025,4.33,0,0,,,
7/15/2025,4.33,0,0,,,
7/14/2025,4.33,0,0,,,
7/11/2025,4.33,0,0,,,
7/10/2025,4.33,0,0,,,
7/9/2025,4.33,0,0,,,
7/8/2025,4.33,0,0,,,
7/7/2025,4.33,0,0,,,
7/3/2025,4.33,0,0,,,
7/2/2025,4.33,0,0,,,
7/1/2025,4.33,0,0,,,
6/30/2025,4.33,0,0,,,
6/27/2025,4.33,0,0,,,
6/26/2025,4.33,0,0,,,
6/25/2025,4.33,0,0,,,
6/24/2025,4.33,0,0,,,
6/23/2025,4.33,0,0,,,
6/20/2025,4.33,0,0,,,
6/18/2025,4.33,0,0,,,
6/17/2025,4.33,0,0,,,
6/16/2025,4.33,0,0,,,
6/13/2025,4.33,0,0,,,
6/12/2025,4.33,0,0,,,
6/11/2025,4.33,0,0,,,
6/10/2025,4.33,0,0,,,
6/9/2025,4.33,0,0,,,
6/6/2025,4.33,0,0,,,
6/5/2025,4.33,0,0,,,
6/4/2025,4.33,0,0,,,
6/3/2025,4.33,0,0,,,
6/2/2025,4.33,0,0,,,
5/30/2025,4.33,0,0,,,
5/29/2025,4.33,0,0,,,
5/28/2025,4.33,0,0,,,
5/27/2025,4.33,0,0,,,
5/23/2025,4.33,0,0,,,
5/22/2025,4.33,0,0,,,
5/21/2025,4.33,0,0,,,
5/20/2025,4.33,0,0,,,
5/19/2025,4.33,0,0,,,
5/16/2025,4.33,0,0,,,
5/15/2025,4.33,0,0,,,
5/14/2025,4.33,0,0,,,
5/13/2025,4.33,0,0,,,
5/12/2025,4.33,0,0,,,
5/9/2025,4.33,0,0,,,
5/8/2025,4.33,0,0,,,
5/7/2025,4.33,0,0,,,
5/6/2025,4.33,0,0,,,
5/5/2025,4.33,0,0,,,
5/2/2025,4.33,0,0,,,
5/1/2025,4.33,0,0,,,
4/30/2025,4.33,0,0,,,
4/29/2025,4.33,0,0,,,
4/28/2025,4.33,0,0,,,
4/25/2025,4.33,0,0,,,
4/24/2025,4.33,0,0,,,
4/23/2025,4.33,0,0,,,
4/22/2025,4.33,0,0,,,
4/21/2025,4.33,0,0,,,
4/18/2025,4.33,0,0,,,
4/17/2025,4.33,0,0,,,
4/16/2025,4.33,0,0,,,
4/15/2025,4.33,0,0,,,
4/14/2025,4.33,0,0,,,
4/11/2025,4.33,0,0,,,
4/10/2025,4.33,0,0,,,
4/9/2025,4.33,0,0,,,
4/8/2025,4.33,0,0,,,
4/7/2025,4.33,0,0,,,
4/4/2025,4.33,0,0,,,
4/3/2025,4.33,0,0,,,
4/2/2025,4.33,0,0,,,
4/1/2025,4.33,0,0,,,
3/31/2025,4.33,0,0,,,
3/28/2025,4.33,0,0,,,
3/27/2025,4.33,0,0,,,
3/26/2025,4.33,0,0,,,
3/25/2025,4.33,0,0,,,
3/24/2025,4.33,0,0,,,
3/21/2025,4.33,0,0,,,
3/20/2025,4.33,0,0,,,
3/19/2025,4.33,0,0,,,
3/18/2025,4.33,0,0,,,
3/17/2025,4.33,0,0,,,
3/14/2025,4.33,0,0,,,
3/13/2025,4.33,0,0,,,
3/12/2025,4.33,0,0,,,
3/11/2025,4.33,0,0,,,
3/10/2025,4.33,0,0,,,
3/7/2025,4.33,0,0,,,
3/6/2025,4.33,0,0,,,
3/5/2025,4.33,0,0,,,
3/4/2025,4.33,0,0,,,
3/3/2025,4.33,0,0,,,
2/28/2025,4.33,0,0,,,
2/27/2025,4.33,0,0,,,
2/26/2025,4.33,0,0,,,
2/25/2025,4.33,0,0,,,
2/24/2025,4.33,0,0,,,
2/21/2025,4.33,0,0,,,
2/20/2025,4.33,0,0,,,
2/19/2025,4.33,0,0,,,
2/18/2025,4.33,0,0,,,
2/14/2025,4.33,0,0,,,
2/13/2025,4.33,0,0,,,
2/12/2025,4.33,0,0,,,
2/11/2025,4.33,0,0,,,
2/10/2025,4.33,0,0,,,
2/7/2025,4.33,0,0,,,
2/6/2025,4.33,0,0,,,
2/5/2025,4.33,0,0,,,
2/4/2025,4.33,0,0,,,
2/3/2025,4.33,0,0,,,
1/31/2025,4.33,0,0,,,
1/30/2025,4.33,0,0,,,
1/29/2025,4.33,0,0,,,
1/28/2025,4.33,0,0,,,
1/27/2025,4.33,0,0,,,
1/24/2025,4.33,0,0,,,
1/23/2025,4.33,0,0,,,
1/22/2025,4.33,0,0,,,
1/21/2025,4.33,0,0,,,
1/17/2025,4.33,0,0,,,
1/16/2025,4.33,0,0,,,
1/15/2025,4.33,0,0,,,
1/14/2025,4.33,0,0,,,
1/13/2025,4.33,0,0,,,
1/10/2025,4.33,0,0,,,
1/9/2025,4.33,0,0,,,
1/8/2025,4.33,0,0,,,
1/7/2025,4.33,0,0,,,
1/6/2025,4.33,0,0,,,
1/3/2025,4.33,0,0,,,
1/2/2025,4.33,0,0,,,
12/31/2024,4.33,0,0,,,
12/30/2024,4.33,0,0,,,
12/27/2024,4.33,0,0,,,
12/26/2024,4.33,0,0,,,
12/24/2024,4.33,0,0,,,
12/23/2024,4.33,0,0,,,
12/20/2024,4.33,0,0,,,
12/19/2024,4.33,-0.25,-5.458515284,,,
12/18/2024,4.58,0,0,,,
12/17/2024,4.58,0,0,,,
12/16/2024,4.58,0,0,,,
12/13/2024,4.58,0,0,,,
12/12/2024,4.58,0,0,,,
12/11/2024,4.58,0,0,,,
12/10/2024,4.58,0,0,,,
12/9/2024,4.58,0,0,,,
12/6/2024,4.58,0,0,,,
12/5/2024,4.58,0,0,,,
12/4/2024,4.58,0,0,,,
12/3/2024,4.58,0,0,,,
12/2/2024,4.58,0,0,,,
11/29/2024,4.58,0,0,,,
11/27/2024,4.58,0,0,,,
11/26/2024,4.58,0,0,,,
11/25/2024,4.58,0,0,,,
11/22/2024,4.58,0,0,,,
11/21/2024,4.58,0,0,,,
11/20/2024,4.58,0,0,,,
11/19/2024,4.58,0,0,,,
11/18/2024,4.58,0,0,,,
11/15/2024,4.58,0,0,,,
11/14/2024,4.58,0,0,,,
11/13/2024,4.58,0,0,,,
11/12/2024,4.58,0,0,,,
11/8/2024,4.58,-0.25,-5.175983437,,,
11/7/2024,4.83,0,0,,,
11/6/2024,4.83,0,0,,,
11/5/2024,4.83,0,0,,,
11/4/2024,4.83,0,0,,,
11/1/2024,4.83,0,0,,,
10/31/2024,4.83,0,0,,,
10/30/2024,4.83,0,0,,,
10/29/2024,4.83,0,0,,,
10/28/2024,4.83,0,0,,,
10/25/2024,4.83,0,0,,,
10/24/2024,4.83,0,0,,,
10/23/2024,4.83,0,0,,,
10/22/2024,4.83,0,0,,,
10/21/2024,4.83,0,0,,,
10/18/2024,4.83,0,0,,,
10/17/2024,4.83,0,0,,,
10/16/2024,4.83,0,0,,,
10/15/2024,4.83,0,0,,,
10/11/2024,4.83,0,0,,,
10/10/2024,4.83,0,0,,,
10/9/2024,4.83,0,0,,,
10/8/2024,4.83,0,0,,,
10/7/2024,4.83,0,0,,,
10/4/2024,4.83,0,0,,,
10/3/2024,4.83,0,0,,,
10/2/2024,4.83,0,0,,,
10/1/2024,4.83,0,0,,,
9/30/2024,4.83,0,0,,,
9/27/2024,4.83,0,0,,,
9/26/2024,4.83,0,0,,,
9/25/2024,4.83,0,0,,,
9/24/2024,4.83,0,0,,,
9/23/2024,4.83,0,0,,,
9/20/2024,4.83,0,0,,,
9/19/2024,4.83,-0.5,-9.380863039,,,
9/18/2024,5.33,0,0,,,
9/17/2024,5.33,0,0,,,
9/16/2024,5.33,0,0,,,
9/13/2024,5.33,0,0,,,
9/12/2024,5.33,0,0,,,
9/11/2024,5.33,0,0,,,
9/10/2024,5.33,0,0,,,
9/9/2024,5.33,0,0,,,
9/6/2024,5.33,0,0,,,
9/5/2024,5.33,0,0,,,
9/4/2024,5.33,0,0,,,
9/3/2024,5.33,0,0,,,
8/30/2024,5.33,0,0,,,
8/29/2024,5.33,0,0,,,
8/28/2024,5.33,0,0,,,
8/27/2024,5.33,0,0,,,
8/26/2024,5.33,0,0,,,
8/23/2024,5.33,0,0,,,
8/22/2024,5.33,0,0,,,
8/21/2024,5.33,0,0,,,
8/20/2024,5.33,0,0,,,
8/19/2024,5.33,0,0,,,
8/16/2024,5.33,0,0,,,
8/15/2024,5.33,0,0,,,
8/14/2024,5.33,0,0,,,
8/13/2024,5.33,0,0,,,
8/12/2024,5.33,0,0,,,
8/9/2024,5.33,0,0,,,
8/8/2024,5.33,0,0,,,
8/7/2024,5.33,0,0,,,
8/6/2024,5.33,0,0,,,
8/5/2024,5.33,0,0,,,
8/2/2024,5.33,0,0,,,
8/1/2024,5.33,0,0,,,
7/31/2024,5.33,0,0,,,
7/30/2024,5.33,0,0,,,
7/29/2024,5.33,0,0,,,
7/26/2024,5.33,0,0,,,
7/25/2024,5.33,0,0,,,
7/24/2024,5.33,0,0,,,
7/23/2024,5.33,0,0,,,
7/22/2024,5.33,0,0,,,
7/19/2024,5.33,0,0,,,
7/18/2024,5.33,0,0,,,
7/17/2024,5.33,0,0,,,
7/16/2024,5.33,0,0,,,
7/15/2024,5.33,0,0,,,
7/12/2024,5.33,0,0,,,
7/11/2024,5.33,0,0,,,
7/10/2024,5.33,0,0,,,
7/9/2024,5.33,0,0,,,
7/8/2024,5.33,0,0,,,
7/5/2024,5.33,0,0,,,
7/3/2024,5.33,0,0,,,
7/2/2024,5.33,0,0,,,
7/1/2024,5.33,0,0,,,
6/28/2024,5.33,0,0,,,
6/27/2024,5.33,0,0,,,
6/26/2024,5.33,0,0,,,
6/25/2024,5.33,0,0,,,
6/24/2024,5.33,0,0,,,
6/21/2024,5.33,0,0,,,
6/20/2024,5.33,0,0,,,
6/18/2024,5.33,0,0,,,
6/17/2024,5.33,0,0,,,
6/14/2024,5.33,0,0,,,
6/13/2024,5.33,0,0,,,
6/12/2024,5.33,0,0,,,
6/11/2024,5.33,0,0,,,
6/10/2024,5.33,0,0,,,
6/7/2024,5.33,0,0,,,
6/6/2024,5.33,0,0,,,
6/5/2024,5.33,0,0,,,
6/4/2024,5.33,0,0,,,
6/3/2024,5.33,0,0,,,
5/31/2024,5.33,0,0,,,
5/30/2024,5.33,0,0,,,
5/29/2024,5.33,0,0,,,
5/28/2024,5.33,0,0,,,
5/24/2024,5.33,0,0,,,
5/23/2024,5.33,0,0,,,
5/22/2024,5.33,0,0,,,
5/21/2024,5.33,0,0,,,
5/20/2024,5.33,0,0,,,
5/17/2024,5.33,0,0,,,
5/16/2024,5.33,0,0,,,
5/15/2024,5.33,0,0,,,
5/14/2024,5.33,0,0,,,
5/13/2024,5.33,0,0,,,
5/10/2024,5.33,0,0,,,
5/9/2024,5.33,0,0,,,
5/8/2024,5.33,0,0,,,
5/7/2024,5.33,0,0,,,
5/6/2024,5.33,0,0,,,
5/3/2024,5.33,0,0,,,
5/2/2024,5.33,0,0,,,
5/1/2024,5.33,0,0,,,
4/30/2024,5.33,0,0,,,
4/29/2024,5.33,0,0,,,
4/26/2024,5.33,0,0,,,
4/25/2024,5.33,0,0,,,
4/24/2024,5.33,0,0,,,
4/23/2024,5.33,0,0,,,
4/22/2024,5.33,0,0,,,
4/19/2024,5.33,0,0,,,
4/18/2024,5.33,0,0,,,
4/17/2024,5.33,0,0,,,
4/16/2024,5.33,0,0,,,
4/15/2024,5.33,0,0,,,
4/12/2024,5.33,0,0,,,
4/11/2024,5.33,0,0,,,
4/10/2024,5.33,0,0,,,
4/9/2024,5.33,0,0,,,
4/8/2024,5.33,0,0,,,
4/5/2024,5.33,0,0,,,
4/4/2024,5.33,0,0,,,
4/3/2024,5.33,0,0,,,
4/2/2024,5.33,0,0,,,
4/1/2024,5.33,0,0,,,
3/29/2024,5.33,0,0,,,
3/28/2024,5.33,0,0,,,
3/27/2024,5.33,0,0,,,
3/26/2024,5.33,0,0,,,
3/25/2024,5.33,0,0,,,
3/22/2024,5.33,0,0,,,
3/21/2024,5.33,0,0,,,
3/20/2024,5.33,0,0,,,
3/19/2024,5.33,0,0,,,
3/18/2024,5.33,0,0,,,
3/15/2024,5.33,0,0,,,
3/14/2024,5.33,0,0,,,
3/13/2024,5.33,0,0,,,
3/12/2024,5.33,0,0,,,
3/11/2024,5.33,0,0,,,
3/8/2024,5.33,0,0,,,
3/7/2024,5.33,0,0,,,
3/6/2024,5.33,0,0,,,
3/5/2024,5.33,0,0,,,
3/4/2024,5.33,0,0,,,
3/1/2024,5.33,0,0,,,
2/29/2024,5.33,0,0,,,
2/28/2024,5.33,0,0,,,
2/27/2024,5.33,0,0,,,
2/26/2024,5.33,0,0,,,
2/23/2024,5.33,0,0,,,
2/22/2024,5.33,0,0,,,
2/21/2024,5.33,0,0,,,
2/20/2024,5.33,0,0,,,
2/16/2024,5.33,0,0,,,
2/15/2024,5.33,0,0,,,
2/14/2024,5.33,0,0,,,
2/13/2024,5.33,0,0,,,
2/12/2024,5.33,0,0,,,
2/9/2024,5.33,0,0,,,
2/8/2024,5.33,0,0,,,
2/7/2024,5.33,0,0,,,
2/6/2024,5.33,0,0,,,
2/5/2024,5.33,0,0,,,
2/2/2024,5.33,0,0,,,
2/1/2024,5.33,0,0,,,
1/31/2024,5.33,0,0,,,
1/30/2024,5.33,0,0,,,
1/29/2024,5.33,0,0,,,
1/26/2024,5.33,0,0,,,
1/25/2024,5.33,0,0,,,
1/24/2024,5.33,0,0,,,
1/23/2024,5.33,0,0,,,
1/22/2024,5.33,0,0,,,
1/19/2024,5.33,0,0,,,
1/18/2024,5.33,0,0,,,
1/17/2024,5.33,0,0,,,
1/16/2024,5.33,0,0,,,
1/12/2024,5.33,0,0,,,
1/11/2024,5.33,0,0,,,
1/10/2024,5.33,0,0,,,
1/9/2024,5.33,0,0,,,
1/8/2024,5.33,0,0,,,
1/5/2024,5.33,0,0,,,
1/4/2024,5.33,0,0,,,
1/3/2024,5.33,0,0,,,
1/2/2024,5.33,0,0,,,
12/29/2023,5.33,0,0,,,
12/28/2023,5.33,0,0,,,
12/27/2023,5.33,0,0,,,
12/26/2023,5.33,0,0,,,
12/22/2023,5.33,0,0,,,
12/21/2023,5.33,0,0,,,
12/20/2023,5.33,0,0,,,
12/19/2023,5.33,0,0,,,
12/18/2023,5.33,0,0,,,
12/15/2023,5.33,0,0,,,
12/14/2023,5.33,0,0,,,
12/13/2023,5.33,0,0,,,
12/12/2023,5.33,0,0,,,
12/11/2023,5.33,0,0,,,
12/8/2023,5.33,0,0,,,
12/7/2023,5.33,0,0,,,
12/6/2023,5.33,0,0,,,
12/5/2023,5.33,0,0,,,
12/4/2023,5.33,0,0,,,
12/1/2023,5.33,0,0,,,
11/30/2023,5.33,0,0,,,
11/29/2023,5.33,0,0,,,
11/28/2023,5.33,0,0,,,
11/27/2023,5.33,0,0,,,
11/24/2023,5.33,0,0,,,
11/22/2023,5.33,0,0,,,
11/21/2023,5.33,0,0,,,
11/20/2023,5.33,0,0,,,
11/17/2023,5.33,0,0,,,
11/16/2023,5.33,0,0,,,
11/15/2023,5.33,0,0,,,
11/14/2023,5.33,0,0,,,
11/13/2023,5.33,0,0,,,
11/10/2023,5.33,0,0,,,
11/9/2023,5.33,0,0,,,
11/8/2023,5.33,0,0,,,
11/7/2023,5.33,0,0,,,
11/6/2023,5.33,0,0,,,
11/3/2023,5.33,0,0,,,
11/2/2023,5.33,0,0,,,
11/1/2023,5.33,0,0,,,
10/31/2023,5.33,0,0,,,
10/30/2023,5.33,0,0,,,
10/27/2023,5.33,0,0,,,
10/26/2023,5.33,0,0,,,
10/25/2023,5.33,0,0,,,
10/24/2023,5.33,0,0,,,
10/23/2023,5.33,0,0,,,
10/20/2023,5.33,0,0,,,
10/19/2023,5.33,0,0,,,
10/18/2023,5.33,0,0,,,
10/17/2023,5.33,0,0,,,
10/16/2023,5.33,0,0,,,
10/13/2023,5.33,0,0,,,
10/12/2023,5.33,0,0,,,
10/11/2023,5.33,0,0,,,
10/10/2023,5.33,0,0,,,
10/6/2023,5.33,0,0,,,
10/5/2023,5.33,0,0,,,
10/4/2023,5.33,0,0,,,
10/3/2023,5.33,0,0,,,
10/2/2023,5.33,0,0,,,
9/29/2023,5.33,0,0,,,
9/28/2023,5.33,0,0,,,
9/27/2023,5.33,0,0,,,
9/26/2023,5.33,0,0,,,
9/25/2023,5.33,0,0,,,
9/22/2023,5.33,0,0,,,
9/21/2023,5.33,0,0,,,
9/20/2023,5.33,0,0,,,
9/19/2023,5.33,0,0,,,
9/18/2023,5.33,0,0,,,
9/15/2023,5.33,0,0,,,
9/14/2023,5.33,0,0,,,
9/13/2023,5.33,0,0,,,
9/12/2023,5.33,0,0,,,
9/11/2023,5.33,0,0,,,
9/8/2023,5.33,0,0,,,
9/7/2023,5.33,0,0,,,
9/6/2023,5.33,0,0,,,
9/5/2023,5.33,0,0,,,
9/1/2023,5.33,0,0,,,
8/31/2023,5.33,0,0,,,
8/30/2023,5.33,0,0,,,
8/29/2023,5.33,0,0,,,
8/28/2023,5.33,0,0,,,
8/25/2023,5.33,0,0,,,
8/24/2023,5.33,0,0,,,
8/23/2023,5.33,0,0,,,
8/22/2023,5.33,0,0,,,
8/21/2023,5.33,0,0,,,
8/18/2023,5.33,0,0,,,
8/17/2023,5.33,0,0,,,
8/16/2023,5.33,0,0,,,
8/15/2023,5.33,0,0,,,
8/14/2023,5.33,0,0,,,
8/11/2023,5.33,0,0,,,
8/10/2023,5.33,0,0,,,
8/9/2023,5.33,0,0,,,
8/8/2023,5.33,0,0,,,
8/7/2023,5.33,0,0,,,
8/4/2023,5.33,0,0,,,
8/3/2023,5.33,0,0,,,
8/2/2023,5.33,0,0,,,
8/1/2023,5.33,0,0,,,
7/31/2023,5.33,0,0,,,
7/28/2023,5.33,0,0,,,
7/27/2023,5.33,0.25,4.921259843,,,
7/26/2023,5.08,0,0,,,
7/25/2023,5.08,0,0,,,
7/24/2023,5.08,0,0,,,
7/21/2023,5.08,0,0,,,
7/20/2023,5.08,0,0,,,
7/19/2023,5.08,0,0,,,
7/18/2023,5.08,0,0,,,
7/17/2023,5.08,0,0,,,
7/14/2023,5.08,0,0,,,
7/13/2023,5.08,0,0,,,
7/12/2023,5.08,0,0,,,
7/11/2023,5.08,0.01,0.197238659,,,
7/10/2023,5.07,-0.01,-0.196850394,,,
7/7/2023,5.08,0,0,,,
7/6/2023,5.08,0,0,,,
7/5/2023,5.08,0,0,,,
7/3/2023,5.08,0,0,,,
6/30/2023,5.08,0.01,0.197238659,,,
6/29/2023,5.07,0,0,,,
6/28/2023,5.07,0,0,,,
6/27/2023,5.07,0,0,,,
6/26/2023,5.07,0,0,,,
6/23/2023,5.07,0,0,,,
6/22/2023,5.07,0,0,,,
6/21/2023,5.07,0,0,,,
6/20/2023,5.07,-0.01,-0.196850394,,,
6/16/2023,5.08,0.01,0.197238659,,,
6/15/2023,5.07,-0.01,-0.196850394,,,
6/14/2023,5.08,0,0,,,
6/13/2023,5.08,0,0,,,
6/12/2023,5.08,0,0,,,
6/9/2023,5.08,0,0,,,
6/8/2023,5.08,0,0,,,
6/7/2023,5.08,0,0,,,
6/6/2023,5.08,0,0,,,
6/5/2023,5.08,0,0,,,
6/2/2023,5.08,0,0,,,
6/1/2023,5.08,0,0,,,
5/31/2023,5.08,0,0,,,
5/30/2023,5.08,0,0,,,
5/26/2023,5.08,0,0,,,
5/25/2023,5.08,0,0,,,
5/24/2023,5.08,0,0,,,
5/23/2023,5.08,0,0,,,
5/22/2023,5.08,0,0,,,
5/19/2023,5.08,0,0,,,
5/18/2023,5.08,0,0,,,
5/17/2023,5.08,0,0,,,
5/16/2023,5.08,0,0,,,
5/15/2023,5.08,0,0,,,
5/12/2023,5.08,0,0,,,
5/11/2023,5.08,0,0,,,
5/10/2023,5.08,0,0,,,
5/9/2023,5.08,0,0,,,
5/8/2023,5.08,0,0,,,
5/5/2023,5.08,0,0,,,
5/4/2023,5.08,0.25,5.175983437,,,
5/3/2023,4.83,0,0,,,
5/2/2023,4.83,0,0,,,
5/1/2023,4.83,0,0,,,
4/28/2023,4.83,0,0,,,
4/27/2023,4.83,0,0,,,
4/26/2023,4.83,0,0,,,
4/25/2023,4.83,0,0,,,
4/24/2023,4.83,0,0,,,
4/21/2023,4.83,0,0,,,
4/20/2023,4.83,0,0,,,
4/19/2023,4.83,0,0,,,
4/18/2023,4.83,0,0,,,
4/17/2023,4.83,0,0,,,
4/14/2023,4.83,0,0,,,
4/13/2023,4.83,0,0,,,
4/12/2023,4.83,0,0,,,
4/11/2023,4.83,0,0,,,
4/10/2023,4.83,0,0,,,
4/7/2023,4.83,0,0,,,
4/6/2023,4.83,0,0,,,
4/5/2023,4.83,0,0,,,
4/4/2023,4.83,0,0,,,
4/3/2023,4.83,0,0,,,
3/31/2023,4.83,0,0,,,
3/30/2023,4.83,0,0,,,
3/29/2023,4.83,0,0,,,
3/28/2023,4.83,0,0,,,
3/27/2023,4.83,0,0,,,
3/24/2023,4.83,0,0,,,
3/23/2023,4.83,0.25,5.458515284,,,
3/22/2023,4.58,0,0,,,
3/21/2023,4.58,0,0,,,
3/20/2023,4.58,0,0,,,
3/17/2023,4.58,0,0,,,
3/16/2023,4.58,0,0,,,
3/15/2023,4.58,0,0,,,
3/14/2023,4.58,0,0,,,
3/13/2023,4.58,0.01,0.218818381,,,
3/10/2023,4.57,0,0,,,
3/9/2023,4.57,0,0,,,
3/8/2023,4.57,0,0,,,
3/7/2023,4.57,0,0,,,
3/6/2023,4.57,0,0,,,
3/3/2023,4.57,0,0,,,
3/2/2023,4.57,-0.01,-0.218340611,,,
3/1/2023,4.58,0.01,0.218818381,,,
2/28/2023,4.57,0,0,,,
2/27/2023,4.57,-0.01,-0.218340611,,,
2/24/2023,4.58,0,0,,,
2/23/2023,4.58,0,0,,,
2/22/2023,4.58,0,0,,,
2/21/2023,4.58,0,0,,,
2/17/2023,4.58,0,0,,,
2/16/2023,4.58,0,0,,,
2/15/2023,4.58,0,0,,,
2/14/2023,4.58,0,0,,,
2/13/2023,4.58,0,0,,,
2/10/2023,4.58,0.01,0.218818381,,,
2/9/2023,4.57,-0.01,-0.218340611,,,
2/8/2023,4.58,0,0,,,
2/7/2023,4.58,0,0,,,
2/6/2023,4.58,0,0,,,
2/3/2023,4.58,0,0,,,
2/2/2023,4.58,0.25,5.773672055,,,
2/1/2023,4.33,0,0,,,
1/31/2023,4.33,0,0,,,
1/30/2023,4.33,0,0,,,
1/27/2023,4.33,0,0,,,
1/26/2023,4.33,0,0,,,
1/25/2023,4.33,0,0,,,
1/24/2023,4.33,0,0,,,
1/23/2023,4.33,0,0,,,
1/20/2023,4.33,0,0,,,
1/19/2023,4.33,0,0,,,
1/18/2023,4.33,0,0,,,
1/17/2023,4.33,0,0,,,
1/13/2023,4.33,0,0,,,
1/12/2023,4.33,0,0,,,
1/11/2023,4.33,0,0,,,
1/10/2023,4.33,0,0,,,
1/9/2023,4.33,0,0,,,
1/6/2023,4.33,0,0,,,
1/5/2023,4.33,0,0,,,
1/4/2023,4.33,0,0,,,
1/3/2023,4.33,0,0,,,
12/30/2022,4.33,0,0,,,
12/29/2022,4.33,0,0,,,
12/28/2022,4.33,0,0,,,
12/27/2022,4.33,0,0,,,
12/23/2022,4.33,0,0,,,
12/22/2022,4.33,0,0,,,
12/21/2022,4.33,0,0,,,
12/20/2022,4.33,0,0,,,
12/19/2022,4.33,0,0,,,
12/16/2022,4.33,0,0,,,
12/15/2022,4.33,0.5,13.05483029,,,
12/14/2022,3.83,0,0,,,
12/13/2022,3.83,0,0,,,
12/12/2022,3.83,0,0,,,
12/9/2022,3.83,0,0,,,
12/8/2022,3.83,0,0,,,
12/7/2022,3.83,0,0,,,
12/6/2022,3.83,0,0,,,
12/5/2022,3.83,0,0,,,
12/2/2022,3.83,0,0,,,
12/1/2022,3.83,0,0,,,
11/30/2022,3.83,0,0,,,
11/29/2022,3.83,0,0,,,
11/28/2022,3.83,0,0,,,
11/25/2022,3.83,0,0,,,
11/23/2022,3.83,0,0,,,
11/22/2022,3.83,0,0,,,
11/21/2022,3.83,0,0,,,
11/18/2022,3.83,0,0,,,
11/17/2022,3.83,0,0,,,
11/16/2022,3.83,0,0,,,
11/15/2022,3.83,0,0,,,
11/14/2022,3.83,0,0,,,
11/10/2022,3.83,0,0,,,
11/9/2022,3.83,0,0,,,
11/8/2022,3.83,0,0,,,
11/7/2022,3.83,0,0,,,
11/4/2022,3.83,0,0,,,
11/3/2022,3.83,0.75,24.35064935,,,
11/2/2022,3.08,0,0,,,
11/1/2022,3.08,0,0,,,
10/31/2022,3.08,0,0,,,
10/28/2022,3.08,0,0,,,
10/27/2022,3.08,0,0,,,
10/26/2022,3.08,0,0,,,
10/25/2022,3.08,0,0,,,
10/24/2022,3.08,0,0,,,
10/21/2022,3.08,0,0,,,
10/20/2022,3.08,0,0,,,
10/19/2022,3.08,0,0,,,
10/18/2022,3.08,0,0,,,
10/17/2022,3.08,0,0,,,
10/14/2022,3.08,0,0,,,
10/13/2022,3.08,0,0,,,
10/12/2022,3.08,0,0,,,
10/11/2022,3.08,0,0,,,
10/7/2022,3.08,0,0,,,
10/6/2022,3.08,0,0,,,
10/5/2022,3.08,0,0,,,
10/4/2022,3.08,0,0,,,
10/3/2022,3.08,0,0,,,
9/30/2022,3.08,0,0,,,
9/29/2022,3.08,0,0,,,
9/28/2022,3.08,0,0,,,
9/27/2022,3.08,0,0,,,
9/26/2022,3.08,0,0,,,
9/23/2022,3.08,0,0,,,
9/22/2022,3.08,0.75,32.1888412,,,
9/21/2022,2.33,0,0,,,
9/20/2022,2.33,0,0,,,
9/19/2022,2.33,0,0,,,
9/16/2022,2.33,0,0,,,
9/15/2022,2.33,0,0,,,
9/14/2022,2.33,0,0,,,
9/13/2022,2.33,0,0,,,
9/12/2022,2.33,0,0,,,
9/9/2022,2.33,0,0,,,
9/8/2022,2.33,0,0,,,
9/7/2022,2.33,0,0,,,
9/6/2022,2.33,0,0,,,
9/2/2022,2.33,0,0,,,
9/1/2022,2.33,0,0,,,
8/31/2022,2.33,0,0,,,
8/30/2022,2.33,0,0,,,
8/29/2022,2.33,0,0,,,
8/26/2022,2.33,0,0,,,
8/25/2022,2.33,0,0,,,
8/24/2022,2.33,0,0,,,
8/23/2022,2.33,0,0,,,
8/22/2022,2.33,0,0,,,
8/19/2022,2.33,0,0,,,
8/18/2022,2.33,0,0,,,
8/17/2022,2.33,0,0,,,
8/16/2022,2.33,0,0,,,
8/15/2022,2.33,0,0,,,
8/12/2022,2.33,0,0,,,
8/11/2022,2.33,0,0,,,
8/10/2022,2.33,0,0,,,
8/9/2022,2.33,0,0,,,
8/8/2022,2.33,0,0,,,
8/5/2022,2.33,0,0,,,
8/4/2022,2.33,0,0,,,
8/3/2022,2.33,0,0,,,
8/2/2022,2.33,0,0,,,
8/1/2022,2.33,0.01,0.431034483,,,
7/29/2022,2.32,-0.01,-0.429184549,,,
7/28/2022,2.33,0.75,47.46835443,,,
7/27/2022,1.58,0,0,,,
7/26/2022,1.58,0,0,,,
7/25/2022,1.58,0,0,,,
7/22/2022,1.58,0,0,,,
7/21/2022,1.58,0,0,,,
7/20/2022,1.58,0,0,,,
7/19/2022,1.58,0,0,,,
7/18/2022,1.58,0,0,,,
7/15/2022,1.58,0,0,,,
7/14/2022,1.58,0,0,,,
7/13/2022,1.58,0,0,,,
7/12/2022,1.58,0,0,,,
7/11/2022,1.58,0,0,,,
7/8/2022,1.58,0,0,,,
7/7/2022,1.58,0,0,,,
7/6/2022,1.58,0,0,,,
7/5/2022,1.58,0,0,,,
7/1/2022,1.58,0,0,,,
6/30/2022,1.58,0,0,,,
6/29/2022,1.58,0,0,,,
6/28/2022,1.58,0,0,,,
6/27/2022,1.58,0,0,,,
6/24/2022,1.58,0,0,,,
6/23/2022,1.58,0,0,,,
6/22/2022,1.58,0,0,,,
6/21/2022,1.58,0,0,,,
6/17/2022,1.58,0,0,,,
6/16/2022,1.58,0.75,90.36144578,,,
6/15/2022,0.83,0,0,,,
6/14/2022,0.83,0,0,,,
6/13/2022,0.83,0,0,,,
6/10/2022,0.83,0,0,,,
6/9/2022,0.83,0,0,,,
6/8/2022,0.83,0,0,,,
6/7/2022,0.83,0,0,,,
6/6/2022,0.83,0,0,,,
6/3/2022,0.83,0,0,,,
6/2/2022,0.83,0,0,,,
6/1/2022,0.83,0,0,,,
5/31/2022,0.83,0,0,,,
5/27/2022,0.83,0,0,,,
5/26/2022,0.83,0,0,,,
5/25/2022,0.83,0,0,,,
5/24/2022,0.83,0,0,,,
5/23/2022,0.83,0,0,,,
5/20/2022,0.83,0,0,,,
5/19/2022,0.83,0,0,,,
5/18/2022,0.83,0,0,,,
5/17/2022,0.83,0,0,,,
5/16/2022,0.83,0,0,,,
5/13/2022,0.83,0,0,,,
5/12/2022,0.83,0,0,,,
5/11/2022,0.83,0,0,,,
5/10/2022,0.83,0,0,,,
5/9/2022,0.83,0,0,,,
5/6/2022,0.83,0,0,,,
5/5/2022,0.83,0.5,151.5151515,,,
5/4/2022,0.33,0,0,,,
5/3/2022,0.33,0,0,,,
5/2/2022,0.33,0,0,,,
4/29/2022,0.33,0,0,,,
4/28/2022,0.33,0,0,,,
4/27/2022,0.33,0,0,,,
4/26/2022,0.33,0,0,,,
4/25/2022,0.33,0,0,,,
4/22/2022,0.33,0,0,,,
4/21/2022,0.33,0,0,,,
4/20/2022,0.33,0,0,,,
4/19/2022,0.33,0,0,,,
4/18/2022,0.33,0,0,,,
4/15/2022,0.33,0,0,,,
4/14/2022,0.33,0,0,,,
4/13/2022,0.33,0,0,,,
4/12/2022,0.33,0,0,,,
4/11/2022,0.33,0,0,,,
4/8/2022,0.33,0,0,,,
4/7/2022,0.33,0,0,,,
4/6/2022,0.33,0,0,,,
4/5/2022,0.33,0,0,,,
4/4/2022,0.33,0,0,,,
4/1/2022,0.33,0,0,,,
3/31/2022,0.33,0,0,,,
3/30/2022,0.33,0,0,,,
3/29/2022,0.33,0,0,,,
3/28/2022,0.33,0,0,,,
3/25/2022,0.33,0,0,,,
3/24/2022,0.33,0,0,,,
3/23/2022,0.33,0,0,,,
3/22/2022,0.33,0,0,,,
3/21/2022,0.33,0,0,,,
3/18/2022,0.33,0,0,,,
3/17/2022,0.33,0.25,312.5,,,
3/16/2022,0.08,0,0,,,
3/15/2022,0.08,0,0,,,
3/14/2022,0.08,0,0,,,
3/11/2022,0.08,0,0,,,
3/10/2022,0.08,0,0,,,
3/9/2022,0.08,0,0,,,
3/8/2022,0.08,0,0,,,
3/7/2022,0.08,0,0,,,
3/4/2022,0.08,0,0,,,
3/3/2022,0.08,0,0,,,
3/2/2022,0.08,0,0,,,
3/1/2022,0.08,0,0,,,
2/28/2022,0.08,0,0,,,
2/25/2022,0.08,0,0,,,
2/24/2022,0.08,0,0,,,
2/23/2022,0.08,0,0,,,
2/22/2022,0.08,0,0,,,
2/18/2022,0.08,0,0,,,
2/17/2022,0.08,0,0,,,
2/16/2022,0.08,0,0,,,
2/15/2022,0.08,0,0,,,
2/14/2022,0.08,0,0,,,
2/11/2022,0.08,0,0,,,
2/10/2022,0.08,0,0,,,
2/9/2022,0.08,0,0,,,
2/8/2022,0.08,0,0,,,
2/7/2022,0.08,0,0,,,
2/4/2022,0.08,0,0,,,
2/3/2022,0.08,0,0,,,
2/2/2022,0.08,0,0,,,
2/1/2022,0.08,0,0,,,
1/31/2022,0.08,0,0,,,
1/28/2022,0.08,0,0,,,
1/27/2022,0.08,0,0,,,
1/26/2022,0.08,0,0,,,
1/25/2022,0.08,0,0,,,
1/24/2022,0.08,0,0,,,
1/21/2022,0.08,0,0,,,
1/20/2022,0.08,0,0,,,
1/19/2022,0.08,0,0,,,
1/18/2022,0.08,0,0,,,
1/14/2022,0.08,0,0,,,
1/13/2022,0.08,0,0,,,
1/12/2022,0.08,0,0,,,
1/11/2022,0.08,0,0,,,
1/10/2022,0.08,0,0,,,
1/7/2022,0.08,0,0,,,
1/6/2022,0.08,0,0,,,
1/5/2022,0.08,0,0,,,
1/4/2022,0.08,0,0,,,
1/3/2022,0.08,0.01,14.28571429,,,
12/31/2021,0.07,-0.01,-12.5,,,
12/30/2021,0.08,0,0,,,
12/29/2021,0.08,0,0,,,
12/28/2021,0.08,0,0,,,
12/27/2021,0.08,0,0,,,
12/24/2021,0.08,0,0,,,
12/23/2021,0.08,0,0,,,
12/22/2021,0.08,0,0,,,
12/21/2021,0.08,0,0,,,
12/20/2021,0.08,0,0,,,
12/17/2021,0.08,0,0,,,
12/16/2021,0.08,0,0,,,
12/15/2021,0.08,0,0,,,
12/14/2021,0.08,0,0,,,
12/13/2021,0.08,0,0,,,
12/10/2021,0.08,0,0,,,
12/9/2021,0.08,0,0,,,
12/8/2021,0.08,0,0,,,
12/7/2021,0.08,0,0,,,
12/6/2021,0.08,0,0,,,
12/3/2021,0.08,0,0,,,
12/2/2021,0.08,0,0,,,
12/1/2021,0.08,0.01,14.28571429,,,
11/30/2021,0.07,-0.01,-12.5,,,
11/29/2021,0.08,0,0,,,
11/26/2021,0.08,0,0,,,
11/24/2021,0.08,0,0,,,
11/23/2021,0.08,0,0,,,
11/22/2021,0.08,0,0,,,
11/19/2021,0.08,0,0,,,
11/18/2021,0.08,0,0,,,
11/17/2021,0.08,0,0,,,
11/16/2021,0.08,0,0,,,
11/15/2021,0.08,0,0,,,
11/12/2021,0.08,0,0,,,
11/10/2021,0.08,0,0,,,
11/9/2021,0.08,0,0,,,
11/8/2021,0.08,0,0,,,
11/5/2021,0.08,0,0,,,
11/4/2021,0.08,0,0,,,
11/3/2021,0.08,0,0,,,
11/2/2021,0.08,0,0,,,
11/1/2021,0.08,0.01,14.28571429,,,
10/29/2021,0.07,-0.01,-12.5,,,
10/28/2021,0.08,0,0,,,
10/27/2021,0.08,0,0,,,
10/26/2021,0.08,0,0,,,
10/25/2021,0.08,0,0,,,
10/22/2021,0.08,0,0,,,
10/21/2021,0.08,0,0,,,
10/20/2021,0.08,0,0,,,
10/19/2021,0.08,0,0,,,
10/18/2021,0.08,0,0,,,
10/15/2021,0.08,0,0,,,
10/14/2021,0.08,0,0,,,
10/13/2021,0.08,0,0,,,
10/12/2021,0.08,0,0,,,
10/8/2021,0.08,0,0,,,
10/7/2021,0.08,0,0,,,
10/6/2021,0.08,0,0,,,
10/5/2021,0.08,0,0,,,
10/4/2021,0.08,0,0,,,
10/1/2021,0.08,0.02,33.33333333,,,
9/30/2021,0.06,-0.02,-25,,,
9/29/2021,0.08,0,0,,,
9/28/2021,0.08,0,0,,,
9/27/2021,0.08,0,0,,,
9/24/2021,0.08,0,0,,,
9/23/2021,0.08,,,,,
9/22/2021,0.08,,,,,
9/21/2021,0.08,,,,,
9/20/2021,0.08,,,,,
9/17/2021,0.08,,,,,
9/16/2021,0.08,,,,,
9/15/2021,0.08,,,,,
9/14/2021,0.08,,,,,
9/13/2021,0.08,,,,,
9/10/2021,0.08,,,,,
9/9/2021,0.08,,,,,
9/8/2021,0.08,,,,,
9/7/2021,0.08,,,,,
9/3/2021,0.08,,,,,
9/2/2021,0.08,,,,,
9/1/2021,0.08,,,,,
8/31/2021,0.06,,,,,
8/30/2021,0.08,,,,,
8/27/2021,0.08,,,,,
8/26/2021,0.09,,,,,
8/25/2021,0.09,,,,,
8/24/2021,0.09,,,,,
8/23/2021,0.09,,,,,
8/20/2021,0.09,,,,,
8/19/2021,0.09,,,,,
8/18/2021,0.09,,,,,
8/17/2021,0.1,,,,,
8/16/2021,0.1,,,,,
8/13/2021,0.1,,,,,
8/12/2021,0.1,,,,,
8/11/2021,0.1,,,,,
8/10/2021,0.1,,,,,
8/9/2021,0.1,,,,,
8/6/2021,0.1,,,,,
8/5/2021,0.1,,,,,
8/4/2021,0.1,,,,,
8/3/2021,0.1,,,,,
8/2/2021,0.1,,,,,
7/30/2021,0.07,,,,,
7/29/2021,0.1,,,,,
7/28/2021,0.1,,,,,
7/27/2021,0.1,,,,,
7/26/2021,0.1,,,,,
7/23/2021,0.1,,,,,
7/22/2021,0.1,,,,,
7/21/2021,0.1,,,,,
7/20/2021,0.1,,,,,
7/19/2021,0.1,,,,,
7/16/2021,0.1,,,,,
7/15/2021,0.1,,,,,
7/14/2021,0.1,,,,,
7/13/2021,0.1,,,,,
7/12/2021,0.1,,,,,
7/9/2021,0.1,,,,,
7/8/2021,0.1,,,,,
7/7/2021,0.1,,,,,
7/6/2021,0.1,,,,,
7/2/2021,0.1,,,,,
7/1/2021,0.1,,,,,
6/30/2021,0.08,,,,,
6/29/2021,0.1,,,,,
6/28/2021,0.1,,,,,
6/25/2021,0.1,,,,,
6/24/2021,0.1,,,,,
6/23/2021,0.1,,,,,
6/22/2021,0.1,,,,,
6/21/2021,0.1,,,,,
6/18/2021,0.1,,,,,
6/17/2021,0.1,,,,,
6/16/2021,0.06,,,,,
6/15/2021,0.06,,,,,
6/14/2021,0.06,,,,,
6/11/2021,0.06,,,,,
6/10/2021,0.06,,,,,
6/9/2021,0.06,,,,,
6/8/2021,0.06,,,,,
6/7/2021,0.06,,,,,
6/4/2021,0.06,,,,,
6/3/2021,0.06,,,,,
6/2/2021,0.06,,,,,
6/1/2021,0.06,,,,,
5/28/2021,0.05,,,,,
5/27/2021,0.06,,,,,
5/26/2021,0.06,,,,,
5/25/2021,0.06,,,,,
5/24/2021,0.06,,,,,
5/21/2021,0.06,,,,,
5/20/2021,0.06,,,,,
5/19/2021,0.06,,,,,
5/18/2021,0.06,,,,,
5/17/2021,0.06,,,,,
5/14/2021,0.06,,,,,
5/13/2021,0.06,,,,,
5/12/2021,0.06,,,,,
5/11/2021,0.06,,,,,
5/10/2021,0.06,,,,,
5/7/2021,0.06,,,,,
5/6/2021,0.06,,,,,
5/5/2021,0.06,,,,,
5/4/2021,0.06,,,,,
5/3/2021,0.06,,,,,
4/30/2021,0.05,,,,,
4/29/2021,0.06,,,,,
4/28/2021,0.07,,,,,
4/27/2021,0.07,,,,,
4/26/2021,0.07,,,,,
4/23/2021,0.07,,,,,
4/22/2021,0.07,,,,,
4/21/2021,0.07,,,,,
4/20/2021,0.07,,,,,
4/19/2021,0.07,,,,,
4/16/2021,0.07,,,,,
4/15/2021,0.07,,,,,
4/14/2021,0.07,,,,,
4/13/2021,0.07,,,,,
4/12/2021,0.07,,,,,
4/9/2021,0.07,,,,,
4/8/2021,0.07,,,,,
4/7/2021,0.07,,,,,
4/6/2021,0.07,,,,,
4/5/2021,0.07,,,,,
4/2/2021,0.07,,,,,
4/1/2021,0.07,,,,,
3/31/2021,0.06,,,,,
3/30/2021,0.07,,,,,
3/29/2021,0.07,,,,,
3/26/2021,0.07,,,,,
3/25/2021,0.07,,,,,
3/24/2021,0.07,,,,,
3/23/2021,0.07,,,,,
3/22/2021,0.07,,,,,
3/19/2021,0.07,,,,,
3/18/2021,0.07,,,,,
3/17/2021,0.07,,,,,
3/16/2021,0.07,,,,,
3/15/2021,0.07,,,,,
3/12/2021,0.07,,,,,
3/11/2021,0.07,,,,,
3/10/2021,0.07,,,,,
3/9/2021,0.07,,,,,
3/8/2021,0.07,,,,,
3/5/2021,0.07,,,,,
3/4/2021,0.07,,,,,
3/3/2021,0.07,,,,,
3/2/2021,0.07,,,,,
3/1/2021,0.07,,,,,
2/26/2021,0.07,,,,,
2/25/2021,0.07,,,,,
2/24/2021,0.07,,,,,
2/23/2021,0.07,,,,,
2/22/2021,0.07,,,,,
2/19/2021,0.07,,,,,
2/18/2021,0.07,,,,,
2/17/2021,0.08,,,,,
2/16/2021,0.08,,,,,
2/12/2021,0.08,,,,,
2/11/2021,0.08,,,,,
2/10/2021,0.08,,,,,
2/9/2021,0.08,,,,,
2/8/2021,0.07,,,,,
2/5/2021,0.08,,,,,
2/4/2021,0.08,,,,,
2/3/2021,0.08,,,,,
2/2/2021,0.08,,,,,
2/1/2021,0.08,,,,,
1/29/2021,0.07,,,,,
1/28/2021,0.07,,,,,
1/27/2021,0.08,,,,,
1/26/2021,0.08,,,,,
1/25/2021,0.08,,,,,
1/22/2021,0.08,,,,,
1/21/2021,0.08,,,,,
1/20/2021,0.09,,,,,
1/19/2021,0.09,,,,,
1/15/2021,0.09,,,,,
1/14/2021,0.09,,,,,
1/13/2021,0.09,,,,,
1/12/2021,0.09,,,,,
1/11/2021,0.09,,,,,
1/8/2021,0.09,,,,,
1/7/2021,0.09,,,,,
1/6/2021,0.09,,,,,
1/5/2021,0.09,,,,,
1/4/2021,0.09,,,,,
12/31/2020,0.09,,,,,
